{
  "model": "XGBoost GPU",
  "features": "domain interactions + count encoding + strict OOF target encoding",
  "oof_rmse": 0.05675514452522882,
  "fold_rmse": [
    0.05714785748936159,
    0.056181454036022246,
    0.05844731461143319,
    0.05599512813864405,
    0.05596387169676363
  ],
  "params": {
    "n_estimators": 1400,
    "learning_rate": 0.015,
    "max_depth": 7,
    "min_child_weight": 20,
    "subsample": 0.85,
    "colsample_bytree": 0.85,
    "reg_alpha": 0.05,
    "reg_lambda": 2.0,
    "objective": "reg:squarederror",
    "eval_metric": "rmse",
    "tree_method": "hist",
    "device": "cuda",
    "random_state": 42,
    "n_jobs": -1
  },
  "n_features": 94,
  "elapsed_seconds": 141.14538590000302
}